"Name","PackageFullName","DisplayName","DisplayVersion","Publisher","InstallDate","IsFramework","IsResourcePackage","InstallLocation","UserSid"
"14382rajuacharya.EthicalHackingResources","14382rajuacharya.EthicalHackingResources_1.0.0.0_neutral__pc7qkqst7ppf6","14382rajuacharya.EthicalHackingResources","1.0.0.0","CN=EA375AAC-419B-476C-96F8-403937BFFA1F",,"False","False","C:\Program Files\WindowsApps\14382rajuacharya.EthicalHackingResources_1.0.0.0_neutral__pc7qkqst7ppf6",
"1527c705-839a-4832-9118-54d4Bd6a0c89","1527c705-839a-4832-9118-54d4Bd6a0c89_10.0.19640.1000_neutral_neutral_cw5n1h2txyewy","1527c705-839a-4832-9118-54d4Bd6a0c89","10.0.19640.1000","CN=Microsoft Windows, O=Microsoft Corporation, L=Redmond, S=Washington, C=US",,"False","False","C:\Windows\SystemApps\Microsoft.Windows.FilePicker_cw5n1h2txyewy",
"4DF9E0F8.Netflix","4DF9E0F8.Netflix_7.0.8.0_neutral__mcm4njqhnhss8","4DF9E0F8.Netflix","7.0.8.0","CN=52120C15-ACFA-47FC-A7E3-4974DBA79445",,"False","False","C:\Program Files\WindowsApps\4DF9E0F8.Netflix_7.0.8.0_neutral__mcm4njqhnhss8",
"50201CarrApps.AsusRouterMonitor","50201CarrApps.AsusRouterMonitor_1.3.14.0_x64__m909vcfqs948w","50201CarrApps.AsusRouterMonitor","1.3.14.0","CN=0CF76678-C59F-430C-8B97-F019FCB49088",,"False","False","C:\Program Files\WindowsApps\50201CarrApps.AsusRouterMonitor_1.3.14.0_x64__m909vcfqs948w",
"50257Terren.SimpleWebServer","50257Terren.SimpleWebServer_1.2.17.0_x64__g5pzyyqw9rbaj","50257Terren.SimpleWebServer","1.2.17.0","CN=823B8264-37A4-4589-B252-9E44611E01EB",,"False","False","C:\Program Files\WindowsApps\50257Terren.SimpleWebServer_1.2.17.0_x64__g5pzyyqw9rbaj",
"53028HelgeMagnusKeck.WiFiTool","53028HelgeMagnusKeck.WiFiTool_1.6.31.0_x64__kmtq5bk764tmy","53028HelgeMagnusKeck.WiFiTool","1.6.31.0","CN=B9580ECC-C477-45A8-9E55-2DE68B1D7DDB",,"False","False","C:\Program Files\WindowsApps\53028HelgeMagnusKeck.WiFiTool_1.6.31.0_x64__kmtq5bk764tmy",
"5319275A.WhatsAppDesktop","5319275A.WhatsAppDesktop_2.2587.8.0_x64__cv1g1gvanyjgm","5319275A.WhatsAppDesktop","2.2587.8.0","CN=24803D75-212C-471A-BC57-9EF86AB91435",,"False","False","C:\Program Files\WindowsApps\5319275A.WhatsAppDesktop_2.2587.8.0_x64__cv1g1gvanyjgm",
"53354DuckheadSoftware.HEICtoJPEGFREE","53354DuckheadSoftware.HEICtoJPEGFREE_13.0.8.0_x64__2gc4m0bggm024","53354DuckheadSoftware.HEICtoJPEGFREE","13.0.8.0","CN=2734ABDF-F8F2-4ADC-8E96-4AF7B084EC38",,"False","False","C:\Program Files\WindowsApps\53354DuckheadSoftware.HEICtoJPEGFREE_13.0.8.0_x64__2gc4m0bggm024",
"A-Volute.28054DF1F58B4","A-Volute.28054DF1F58B4_3.16.23.0_x64__w2gh52qy24etm","A-Volute.28054DF1F58B4","3.16.23.0","CN=21E1B422-257A-44A2-9C8F-379165856473",,"False","False","C:\Program Files\WindowsApps\A-Volute.28054DF1F58B4_3.16.23.0_x64__w2gh52qy24etm",
"A-Volute.SonicStudio3","A-Volute.SonicStudio3_3.16.23.0_x64__w2gh52qy24etm","A-Volute.SonicStudio3","3.16.23.0","CN=21E1B422-257A-44A2-9C8F-379165856473",,"False","False","C:\Program Files\WindowsApps\A-Volute.SonicStudio3_3.16.23.0_x64__w2gh52qy24etm",
"AcrobatNotificationClient","AcrobatNotificationClient_1.0.4.0_x86__e1rzdqpraam7r","AcrobatNotificationClient","1.0.4.0","CN=Adobe Systems Incorporated, OU=Adobe Systems, O=Adobe Systems Incorporated, L=San Jose, S=California, C=US, PostalCode=95110, STREET=345 Park Avenue, SERIALNUMBER=2748129, OID.1.3.6.1.4.1.311.60.2.1.2=Delaware, OID.1.3.6.1.4.1.311.60.2.1.3=US, OID.2.5.4.15=Private Organization",,"False","False","C:\Program Files\WindowsApps\AcrobatNotificationClient_1.0.4.0_x86__e1rzdqpraam7r",
"AD2F1837.HPDisplayCenter","AD2F1837.HPDisplayCenter_2.4.4.0_x64__v10z8vjag6ke6","AD2F1837.HPDisplayCenter","2.4.4.0","CN=ED346674-0FA1-4272-85CE-3187C9C86E26",,"False","False","C:\Program Files\WindowsApps\AD2F1837.HPDisplayCenter_2.4.4.0_x64__v10z8vjag6ke6",
"AD2F1837.HPPrinterControl","AD2F1837.HPPrinterControl_162.3.1128.0_x64__v10z8vjag6ke6","AD2F1837.HPPrinterControl","162.3.1128.0","CN=ED346674-0FA1-4272-85CE-3187C9C86E26",,"False","False","C:\Program Files\WindowsApps\AD2F1837.HPPrinterControl_162.3.1128.0_x64__v10z8vjag6ke6",
"AdobeAcrobatDCCoreApp","AdobeAcrobatDCCoreApp_21.10.15.6_x64__n3f54xz2h0aj4","AdobeAcrobatDCCoreApp","21.10.15.6","CN=Adobe Inc., OU=Adobe Inc., O=Adobe Inc., L=San Jose, S=ca, C=US, SERIALNUMBER=2748129, OID.1.3.6.1.4.1.311.60.2.1.2=Delaware, OID.1.3.6.1.4.1.311.60.2.1.3=US, OID.2.5.4.15=Private Organization",,"False","False","C:\Program Files\WindowsApps\AdobeAcrobatDCCoreApp_21.10.15.6_x64__n3f54xz2h0aj4",
"AdobeAcrobatDCCoreApp","AdobeAcrobatDCCoreApp_23.1.0.0_x64__pc75e8sa7ep4e","AdobeAcrobatDCCoreApp","23.1.0.0","CN=Adobe Inc., OU=Adobe Inc., O=Adobe Inc., L=San Jose, S=ca, C=US, SERIALNUMBER=2748129, OID.2.5.4.15=Private Organization, OID.1.3.6.1.4.1.311.60.2.1.2=Delaware, OID.1.3.6.1.4.1.311.60.2.1.3=US",,"False","False","C:\Program Files\WindowsApps\AdobeAcrobatDCCoreApp_23.1.0.0_x64__pc75e8sa7ep4e",
"AdobeAcrobatReaderCoreApp","AdobeAcrobatReaderCoreApp_23.0.0.0_x64__pc75e8sa7ep4e","AdobeAcrobatReaderCoreApp","23.0.0.0","CN=Adobe Inc., OU=Adobe Inc., O=Adobe Inc., L=San Jose, S=ca, C=US, SERIALNUMBER=2748129, OID.2.5.4.15=Private Organization, OID.1.3.6.1.4.1.311.60.2.1.2=Delaware, OID.1.3.6.1.4.1.311.60.2.1.3=US",,"False","False","C:\Program Files\WindowsApps\AdobeAcrobatReaderCoreApp_23.0.0.0_x64__pc75e8sa7ep4e",
"AdobeNotificationClient","AdobeNotificationClient_7.0.2.14_x64__enpm4xejd91yc","AdobeNotificationClient","7.0.2.14","CN=Adobe Inc., OU=AAM 256, O=Adobe Inc., L=San Jose, S=ca, C=US, SERIALNUMBER=2748129, OID.2.5.4.15=Private Organization, OID.1.3.6.1.4.1.311.60.2.1.2=Delaware, OID.1.3.6.1.4.1.311.60.2.1.3=US",,"False","False","C:\Program Files\WindowsApps\AdobeNotificationClient_7.0.2.14_x64__enpm4xejd91yc",
"aimgr","aimgr_0.20.34.0_x64__8wekyb3d8bbwe","aimgr","0.20.34.0","CN=Microsoft Corporation, O=Microsoft Corporation, L=Redmond, S=Washington, C=US",,"False","False","C:\Program Files\WindowsApps\aimgr_0.20.34.0_x64__8wekyb3d8bbwe",
"AIToolkit.Inference.Agent","AIToolkit.Inference.Agent_1.1.0.0_x64__8wekyb3d8bbwe","AIToolkit.Inference.Agent","1.1.0.0","CN=Microsoft Corporation, O=Microsoft Corporation, L=Redmond, S=Washington, C=US",,"False","False","C:\Program Files\WindowsApps\AIToolkit.Inference.Agent_1.1.0.0_x64__8wekyb3d8bbwe",
"app.ac392377e-b183-46af-bbba-d6fa3677cefe","app.ac392377e-b183-46af-bbba-d6fa3677cefe_1.0.0.0_x86__8wekyb3d8bbwe","app.ac392377e-b183-46af-bbba-d6fa3677cefe","1.0.0.0","CN=Microsoft Corporation, O=Microsoft Corporation, L=Redmond, S=Washington, C=US",,"False","False","C:\Users\benfu\AppData\Local\Microsoft\Blend\17.0_676497da\Designer\Cache\1733270108x86DC",
"AppUp.IntelGraphicsExperience","AppUp.IntelGraphicsExperience_1.100.5688.0_x64__8j3eq9eme6ctt","AppUp.IntelGraphicsExperience","1.100.5688.0","CN=EB51A5DA-0E72-4863-82E4-EA21C1F8DFE3",,"False","False","C:\Program Files\WindowsApps\AppUp.IntelGraphicsExperience_1.100.5688.0_x64__8j3eq9eme6ctt",
"AppUp.IntelOptaneMemoryandStorageManagement","AppUp.IntelOptaneMemoryandStorageManagement_18.1.1042.0_x64__8j3eq9eme6ctt","AppUp.IntelOptaneMemoryandStorageManagement","18.1.1042.0","CN=EB51A5DA-0E72-4863-82E4-EA21C1F8DFE3",,"False","False","C:\Program Files\WindowsApps\AppUp.IntelOptaneMemoryandStorageManagement_18.1.1042.0_x64__8j3eq9eme6ctt",
"B9ECED6F.ASUSPCAssistant","B9ECED6F.ASUSPCAssistant_4.0.56.0_x64__qmba6cd70vzyy","B9ECED6F.ASUSPCAssistant","4.0.56.0","CN=38BC0208-0916-4E44-909B-E6832F47CDE7",,"False","False","C:\Program Files\WindowsApps\B9ECED6F.ASUSPCAssistant_4.0.56.0_x64__qmba6cd70vzyy",
"c5e2524a-ea46-4f67-841f-6a9465d9d515","c5e2524a-ea46-4f67-841f-6a9465d9d515_10.0.26100.1_neutral_neutral_cw5n1h2txyewy","c5e2524a-ea46-4f67-841f-6a9465d9d515","10.0.26100.1","CN=Microsoft Windows, O=Microsoft Corporation, L=Redmond, S=Washington, C=US",,"False","False","C:\Windows\SystemApps\Microsoft.Windows.FileExplorer_cw5n1h2txyewy",
"Clipchamp.Clipchamp","Clipchamp.Clipchamp_4.4.10420.0_x64__yxz26nhyzhsrt","Clipchamp.Clipchamp","4.4.10420.0","CN=33F0F141-36F3-4EC2-A77D-51B53D0BA0E4",,"False","False","C:\Program Files\WindowsApps\Clipchamp.Clipchamp_4.4.10420.0_x64__yxz26nhyzhsrt",
"DTSInc.DTSSoundUnbound","DTSInc.DTSSoundUnbound_2025.3.16.0_x64__t5j2fzbtdg37r","DTSInc.DTSSoundUnbound","2025.3.16.0","CN=82419BD3-B8A7-4FD6-9731-D95DB6175B11",,"False","False","C:\Program Files\WindowsApps\DTSInc.DTSSoundUnbound_2025.3.16.0_x64__t5j2fzbtdg37r",
"E2A4F912-2574-4A75-9BB0-0D023378592B","E2A4F912-2574-4A75-9BB0-0D023378592B_10.0.19640.1000_neutral_neutral_cw5n1h2txyewy","E2A4F912-2574-4A75-9BB0-0D023378592B","10.0.19640.1000","CN=Microsoft Windows, O=Microsoft Corporation, L=Redmond, S=Washington, C=US",,"False","False","C:\Windows\SystemApps\Microsoft.Windows.AppResolverUX_cw5n1h2txyewy",
"EtwokLLC.NetSpot","EtwokLLC.NetSpot_2.8.1.0_x86__tz13j4er3ty1t","EtwokLLC.NetSpot","2.8.1.0","CN=3D4E1AED-C8AE-45FD-962E-DC8C9D3973E0",,"False","False","C:\Program Files\WindowsApps\EtwokLLC.NetSpot_2.8.1.0_x86__tz13j4er3ty1t",
"F46D4000-FD22-4DB4-AC8E-4E1DDDE828FE","F46D4000-FD22-4DB4-AC8E-4E1DDDE828FE_10.0.26100.1_neutral_neutral_cw5n1h2txyewy","F46D4000-FD22-4DB4-AC8E-4E1DDDE828FE","10.0.26100.1","CN=Microsoft Windows, O=Microsoft Corporation, L=Redmond, S=Washington, C=US",,"False","False","C:\Windows\SystemApps\Microsoft.Windows.AddSuggestedFoldersToLibraryDialog_cw5n1h2txyewy",
"FACEBOOK.317180B0BB486","FACEBOOK.317180B0BB486_2250.1.0.0_x64__8xx8rvfyw5nnt","FACEBOOK.317180B0BB486","2250.1.0.0","CN=6E08453F-9BA7-4311-999C-D22FBA2FB1B8",,"False","False","C:\Program Files\WindowsApps\FACEBOOK.317180B0BB486_2250.1.0.0_x64__8xx8rvfyw5nnt",
"JAMSoftware.TreeSizeFreeContextMenu","JAMSoftware.TreeSizeFreeContextMenu_2.1.0.0_x64__w54gjky5rxhza","JAMSoftware.TreeSizeFreeContextMenu","2.1.0.0","CN=JAM Software GmbH, O=JAM Software GmbH, STREET=Am Wissenschaftspark 26, L=Trier, S=Rheinland-Pfalz, C=DE, OID.1.3.6.1.4.1.311.60.2.1.1=Wittlich, OID.1.3.6.1.4.1.311.60.2.1.2=Rheinland-Pfalz, OID.1.3.6.1.4.1.311.60.2.1.3=DE, SERIALNUMBER=HRB 4920, OID.2.5.4.15=Private Organization",,"False","False","C:\Program Files\WindowsApps\JAMSoftware.TreeSizeFreeContextMenu_2.1.0.0_x64__w54gjky5rxhza",
"Microsoft.12218EDECF8F4","Microsoft.12218EDECF8F4_1.0.1.0_neutral__8wekyb3d8bbwe","Microsoft.12218EDECF8F4","1.0.1.0","CN=Microsoft Corporation, O=Microsoft Corporation, L=Redmond, S=Washington, C=US",,"False","False","C:\Program Files\WindowsApps\Microsoft.12218EDECF8F4_1.0.1.0_neutral__8wekyb3d8bbwe",
"Microsoft.6365217CE6EB4","Microsoft.6365217CE6EB4_102.2509.19002.0_x64__8wekyb3d8bbwe","Microsoft.6365217CE6EB4","102.2509.19002.0","CN=Microsoft Corporation, O=Microsoft Corporation, L=Redmond, S=Washington, C=US",,"False","False","C:\Program Files\WindowsApps\Microsoft.6365217CE6EB4_102.2509.19002.0_x64__8wekyb3d8bbwe",
"Microsoft.AAD.BrokerPlugin","Microsoft.AAD.BrokerPlugin_1000.19580.1000.2_neutral_neutral_cw5n1h2txyewy","Microsoft.AAD.BrokerPlugin","1000.19580.1000.2","CN=Microsoft Windows, O=Microsoft Corporation, L=Redmond, S=Washington, C=US",,"False","False","C:\Windows\SystemApps\Microsoft.AAD.BrokerPlugin_cw5n1h2txyewy",
"Microsoft.AccountsControl","Microsoft.AccountsControl_10.0.26100.1_neutral__cw5n1h2txyewy","Microsoft.AccountsControl","10.0.26100.1","CN=Microsoft Windows, O=Microsoft Corporation, L=Redmond, S=Washington, C=US",,"False","False","C:\Windows\SystemApps\Microsoft.AccountsControl_cw5n1h2txyewy",
"Microsoft.ApplicationCompatibilityEnhancements","Microsoft.ApplicationCompatibilityEnhancements_1.2511.9.0_x64__8wekyb3d8bbwe","Microsoft.ApplicationCompatibilityEnhancements","1.2511.9.0","CN=Microsoft Corporation, O=Microsoft Corporation, L=Redmond, S=Washington, C=US",,"False","False","C:\Program Files\WindowsApps\Microsoft.ApplicationCompatibilityEnhancements_1.2511.9.0_x64__8wekyb3d8bbwe",
"Microsoft.AsyncTextService","Microsoft.AsyncTextService_10.0.26100.1_neutral__8wekyb3d8bbwe","Microsoft.AsyncTextService","10.0.26100.1","CN=Microsoft Corporation, O=Microsoft Corporation, L=Redmond, S=Washington, C=US",,"False","False","C:\Windows\SystemApps\Microsoft.AsyncTextService_8wekyb3d8bbwe",
"Microsoft.AV1VideoExtension","Microsoft.AV1VideoExtension_2.0.6.0_x64__8wekyb3d8bbwe","Microsoft.AV1VideoExtension","2.0.6.0","CN=Microsoft Corporation, O=Microsoft Corporation, L=Redmond, S=Washington, C=US",,"False","False","C:\Program Files\WindowsApps\Microsoft.AV1VideoExtension_2.0.6.0_x64__8wekyb3d8bbwe",
"Microsoft.AVCEncoderVideoExtension","Microsoft.AVCEncoderVideoExtension_1.1.21.0_x64__8wekyb3d8bbwe","Microsoft.AVCEncoderVideoExtension","1.1.21.0","CN=Microsoft Corporation, O=Microsoft Corporation, L=Redmond, S=Washington, C=US",,"False","False","C:\Program Files\WindowsApps\Microsoft.AVCEncoderVideoExtension_1.1.21.0_x64__8wekyb3d8bbwe",
"Microsoft.BingNews","Microsoft.BingNews_4.56.242.0_x64__8wekyb3d8bbwe","Microsoft.BingNews","4.56.242.0","CN=Microsoft Corporation, O=Microsoft Corporation, L=Redmond, S=Washington, C=US",,"False","False","C:\Program Files\WindowsApps\Microsoft.BingNews_4.56.242.0_x64__8wekyb3d8bbwe",
"Microsoft.BingSearch","Microsoft.BingSearch_1.1.40.0_x64__8wekyb3d8bbwe","Microsoft.BingSearch","1.1.40.0","CN=Microsoft Corporation, O=Microsoft Corporation, L=Redmond, S=Washington, C=US",,"False","False","C:\Program Files\WindowsApps\Microsoft.BingSearch_1.1.40.0_x64__8wekyb3d8bbwe",
"Microsoft.BingWeather","Microsoft.BingWeather_4.54.63029.0_x64__8wekyb3d8bbwe","Microsoft.BingWeather","4.54.63029.0","CN=Microsoft Corporation, O=Microsoft Corporation, L=Redmond, S=Washington, C=US",,"False","False","C:\Program Files\WindowsApps\Microsoft.BingWeather_4.54.63029.0_x64__8wekyb3d8bbwe",
"Microsoft.BioEnrollment","Microsoft.BioEnrollment_10.0.19587.1000_neutral__cw5n1h2txyewy","Microsoft.BioEnrollment","10.0.19587.1000","CN=Microsoft Windows, O=Microsoft Corporation, L=Redmond, S=Washington, C=US",,"False","False","C:\Windows\SystemApps\Microsoft.BioEnrollment_cw5n1h2txyewy",
"Microsoft.Copilot","Microsoft.Copilot_1.25114.55.0_x64__8wekyb3d8bbwe","Microsoft.Copilot","1.25114.55.0","CN=Microsoft Corporation, O=Microsoft Corporation, L=Redmond, S=Washington, C=US",,"False","False","C:\Program Files\WindowsApps\Microsoft.Copilot_1.25114.55.0_x64__8wekyb3d8bbwe",
"Microsoft.CredDialogHost","Microsoft.CredDialogHost_10.0.19595.1001_neutral__cw5n1h2txyewy","Microsoft.CredDialogHost","10.0.19595.1001","CN=Microsoft Windows, O=Microsoft Corporation, L=Redmond, S=Washington, C=US",,"False","False","C:\Windows\SystemApps\microsoft.creddialoghost_cw5n1h2txyewy",
"Microsoft.DesktopAppInstaller","Microsoft.DesktopAppInstaller_1.27.350.0_x64__8wekyb3d8bbwe","Microsoft.DesktopAppInstaller","1.27.350.0","CN=Microsoft Corporation, O=Microsoft Corporation, L=Redmond, S=Washington, C=US",,"False","False","C:\Program Files\WindowsApps\Microsoft.DesktopAppInstaller_1.27.350.0_x64__8wekyb3d8bbwe",
"Microsoft.DiagnosticDataViewer","Microsoft.DiagnosticDataViewer_4.2209.41991.0_x64__8wekyb3d8bbwe","Microsoft.DiagnosticDataViewer","4.2209.41991.0","CN=Microsoft Corporation, O=Microsoft Corporation, L=Redmond, S=Washington, C=US",,"False","False","C:\Program Files\WindowsApps\Microsoft.DiagnosticDataViewer_4.2209.41991.0_x64__8wekyb3d8bbwe",
"Microsoft.ECApp","Microsoft.ECApp_10.0.26100.4061_neutral__8wekyb3d8bbwe","Microsoft.ECApp","10.0.26100.4061","CN=Microsoft Corporation, O=Microsoft Corporation, L=Redmond, S=Washington, C=US",,"False","False","C:\Windows\SystemApps\Microsoft.ECApp_8wekyb3d8bbwe",
"Microsoft.Edge.GameAssist","Microsoft.Edge.GameAssist_1.0.3590.0_x64__8wekyb3d8bbwe","Microsoft.Edge.GameAssist","1.0.3590.0","CN=Microsoft Corporation, O=Microsoft Corporation, L=Redmond, S=Washington, C=US",,"False","False","C:\Program Files\WindowsApps\Microsoft.Edge.GameAssist_1.0.3590.0_x64__8wekyb3d8bbwe",
"Microsoft.EdgeDevtoolsPlugin","Microsoft.EdgeDevtoolsPlugin_10.0.26100.1_neutral_neutral_cw5n1h2txyewy","Microsoft.EdgeDevtoolsPlugin","10.0.26100.1","CN=Microsoft Windows, O=Microsoft Corporation, L=Redmond, S=Washington, C=US",,"False","False","C:\Windows\SystemApps\Microsoft.EdgeDevtoolsPlugin_cw5n1h2txyewy",
"Microsoft.GetHelp","Microsoft.GetHelp_10.2409.32612.0_x64__8wekyb3d8bbwe","Microsoft.GetHelp","10.2409.32612.0","CN=Microsoft Corporation, O=Microsoft Corporation, L=Redmond, S=Washington, C=US",,"False","False","C:\Program Files\WindowsApps\Microsoft.GetHelp_10.2409.32612.0_x64__8wekyb3d8bbwe",
"Microsoft.HEIFImageExtension","Microsoft.HEIFImageExtension_1.2.28.0_x64__8wekyb3d8bbwe","Microsoft.HEIFImageExtension","1.2.28.0","CN=Microsoft Corporation, O=Microsoft Corporation, L=Redmond, S=Washington, C=US",,"False","False","C:\Program Files\WindowsApps\Microsoft.HEIFImageExtension_1.2.28.0_x64__8wekyb3d8bbwe",
"Microsoft.HEVCVideoExtensions","Microsoft.HEVCVideoExtensions_2.4.37.0_x64__8wekyb3d8bbwe","Microsoft.HEVCVideoExtensions","2.4.37.0","CN=Microsoft Corporation, O=Microsoft Corporation, L=Redmond, S=Washington, C=US",,"False","False","C:\Program Files\WindowsApps\Microsoft.HEVCVideoExtensions_2.4.37.0_x64__8wekyb3d8bbwe",
"Microsoft.Ink.Handwriting.Main.en-US.1.0.1","Microsoft.Ink.Handwriting.Main.en-US.1.0.1_0.850.1840.0_x64__8wekyb3d8bbwe","Microsoft.Ink.Handwriting.Main.en-US.1.0.1","0.850.1840.0","CN=Microsoft Corporation, O=Microsoft Corporation, L=Redmond, S=Washington, C=US",,"False","False","C:\Program Files\WindowsApps\Microsoft.Ink.Handwriting.Main.en-US.1.0.1_0.850.1840.0_x64__8wekyb3d8bbwe",
"Microsoft.LockApp","Microsoft.LockApp_10.0.26100.4202_neutral__cw5n1h2txyewy","Microsoft.LockApp","10.0.26100.4202","CN=Microsoft Windows, O=Microsoft Corporation, L=Redmond, S=Washington, C=US",,"False","False","C:\Windows\SystemApps\Microsoft.LockApp_cw5n1h2txyewy",
"Microsoft.Microsoft3DViewer","Microsoft.Microsoft3DViewer_7.2506.10022.0_x64__8wekyb3d8bbwe","Microsoft.Microsoft3DViewer","7.2506.10022.0","CN=Microsoft Corporation, O=Microsoft Corporation, L=Redmond, S=Washington, C=US",,"False","False","C:\Program Files\WindowsApps\Microsoft.Microsoft3DViewer_7.2506.10022.0_x64__8wekyb3d8bbwe",
"Microsoft.MicrosoftEdge.Beta","Microsoft.MicrosoftEdge.Beta_121.0.2277.83_neutral__8wekyb3d8bbwe","Microsoft.MicrosoftEdge.Beta","121.0.2277.83","CN=Microsoft Corporation, O=Microsoft Corporation, L=Redmond, S=Washington, C=US",,"False","False","C:\Program Files\WindowsApps\Microsoft.MicrosoftEdge.Beta_121.0.2277.83_neutral__8wekyb3d8bbwe",
"Microsoft.MicrosoftEdge.Stable","Microsoft.MicrosoftEdge.Stable_140.0.3485.54_neutral__8wekyb3d8bbwe","Microsoft.MicrosoftEdge.Stable","140.0.3485.54","CN=Microsoft Corporation, O=Microsoft Corporation, L=Redmond, S=Washington, C=US",,"False","False","C:\Program Files\WindowsApps\Microsoft.MicrosoftEdge.Stable_140.0.3485.54_neutral__8wekyb3d8bbwe",
"Microsoft.MicrosoftEdgeDevToolsClient","Microsoft.MicrosoftEdgeDevToolsClient_1000.25128.1000.0_neutral_neutral_8wekyb3d8bbwe","Microsoft.MicrosoftEdgeDevToolsClient","1000.25128.1000.0","CN=Microsoft Corporation, O=Microsoft Corporation, L=Redmond, S=Washington, C=US",,"False","False","C:\Windows\SystemApps\Microsoft.MicrosoftEdgeDevToolsClient_8wekyb3d8bbwe",
"Microsoft.MicrosoftOfficeHub","Microsoft.MicrosoftOfficeHub_19.2512.39051.0_x64__8wekyb3d8bbwe","Microsoft.MicrosoftOfficeHub","19.2512.39051.0","CN=Microsoft Corporation, O=Microsoft Corporation, L=Redmond, S=Washington, C=US",,"False","False","C:\Program Files\WindowsApps\Microsoft.MicrosoftOfficeHub_19.2512.39051.0_x64__8wekyb3d8bbwe",
"Microsoft.MicrosoftPowerBIDesktop","Microsoft.MicrosoftPowerBIDesktop_2.149.1429.0_x64__8wekyb3d8bbwe","Microsoft.MicrosoftPowerBIDesktop","2.149.1429.0","CN=Microsoft Corporation, O=Microsoft Corporation, L=Redmond, S=Washington, C=US",,"False","False","C:\Program Files\WindowsApps\Microsoft.MicrosoftPowerBIDesktop_2.149.1429.0_x64__8wekyb3d8bbwe",
"Microsoft.MicrosoftStickyNotes","Microsoft.MicrosoftStickyNotes_6.1.4.0_x64__8wekyb3d8bbwe","Microsoft.MicrosoftStickyNotes","6.1.4.0","CN=Microsoft Corporation, O=Microsoft Corporation, L=Redmond, S=Washington, C=US",,"False","False","C:\Program Files\WindowsApps\Microsoft.MicrosoftStickyNotes_6.1.4.0_x64__8wekyb3d8bbwe",
"Microsoft.MixedReality.Portal","Microsoft.MixedReality.Portal_2000.21051.1282.0_x64__8wekyb3d8bbwe","Microsoft.MixedReality.Portal","2000.21051.1282.0","CN=Microsoft Corporation, O=Microsoft Corporation, L=Redmond, S=Washington, C=US",,"False","False","C:\Program Files\WindowsApps\Microsoft.MixedReality.Portal_2000.21051.1282.0_x64__8wekyb3d8bbwe",
"Microsoft.MPEG2VideoExtension","Microsoft.MPEG2VideoExtension_1.2.13.0_x64__8wekyb3d8bbwe","Microsoft.MPEG2VideoExtension","1.2.13.0","CN=Microsoft Corporation, O=Microsoft Corporation, L=Redmond, S=Washington, C=US",,"False","False","C:\Program Files\WindowsApps\Microsoft.MPEG2VideoExtension_1.2.13.0_x64__8wekyb3d8bbwe",
"Microsoft.MsixPackagingTool","Microsoft.MSIXPackagingTool_1.2024.405.0_x64__8wekyb3d8bbwe","Microsoft.MsixPackagingTool","1.2024.405.0","CN=Microsoft Corporation, O=Microsoft Corporation, L=Redmond, S=Washington, C=US",,"False","False","C:\Program Files\WindowsApps\Microsoft.MSIXPackagingTool_1.2024.405.0_x64__8wekyb3d8bbwe",
"Microsoft.Office.ActionsServer","Microsoft.Office.ActionsServer_16.0.19426.20186_neutral__8wekyb3d8bbwe","Microsoft.Office.ActionsServer","16.0.19426.20186","CN=Microsoft Corporation, O=Microsoft Corporation, L=Redmond, S=Washington, C=US",,"False","False","C:\Program Files\WindowsApps\Microsoft.Office.ActionsServer_16.0.19426.20186_neutral__8wekyb3d8bbwe",
"Microsoft.Office.OneNote","Microsoft.Office.OneNote_16001.14326.22594.0_x64__8wekyb3d8bbwe","Microsoft.Office.OneNote","16001.14326.22594.0","CN=Microsoft Corporation, O=Microsoft Corporation, L=Redmond, S=Washington, C=US",,"False","False","C:\Program Files\WindowsApps\Microsoft.Office.OneNote_16001.14326.22594.0_x64__8wekyb3d8bbwe",
"Microsoft.Office.OneNoteVirtualPrinter","Microsoft.Office.OneNoteVirtualPrinter_1.0.0.0_x64__8wekyb3d8bbwe","Microsoft.Office.OneNoteVirtualPrinter","1.0.0.0","CN=Microsoft Corporation, O=Microsoft Corporation, L=Redmond, S=Washington, C=US",,"False","False","C:\Program Files\WindowsApps\Microsoft.Office.OneNoteVirtualPrinter_1.0.0.0_x64__8wekyb3d8bbwe",
"Microsoft.OfficePushNotificationUtility","Microsoft.OfficePushNotificationUtility_16.0.19426.20186_neutral__8wekyb3d8bbwe","Microsoft.OfficePushNotificationUtility","16.0.19426.20186","CN=Microsoft Corporation, O=Microsoft Corporation, L=Redmond, S=Washington, C=US",,"False","False","C:\Program Files\WindowsApps\Microsoft.OfficePushNotificationUtility_16.0.19426.20186_neutral__8wekyb3d8bbwe",
"Microsoft.OneDriveSync","Microsoft.OneDriveSync_25222.1112.2.0_neutral__8wekyb3d8bbwe","Microsoft.OneDriveSync","25222.1112.2.0","CN=Microsoft Corporation, O=Microsoft Corporation, L=Redmond, S=Washington, C=US",,"False","False","C:\Program Files\WindowsApps\Microsoft.OneDriveSync_25222.1112.2.0_neutral__8wekyb3d8bbwe",
"Microsoft.OutlookForWindows","Microsoft.OutlookForWindows_1.2025.818.302_x64__8wekyb3d8bbwe","Microsoft.OutlookForWindows","1.2025.818.302","CN=Microsoft Corporation, O=Microsoft Corporation, L=Redmond, S=Washington, C=US",,"False","False","C:\Program Files\WindowsApps\Microsoft.OutlookForWindows_1.2025.818.302_x64__8wekyb3d8bbwe",
"Microsoft.Paint","Microsoft.Paint_11.2510.311.0_x64__8wekyb3d8bbwe","Microsoft.Paint","11.2510.311.0","CN=Microsoft Corporation, O=Microsoft Corporation, L=Redmond, S=Washington, C=US",,"False","False","C:\Program Files\WindowsApps\Microsoft.Paint_11.2510.311.0_x64__8wekyb3d8bbwe",
"Microsoft.People","Microsoft.People_10.2202.100.0_x64__8wekyb3d8bbwe","Microsoft.People","10.2202.100.0","CN=Microsoft Corporation, O=Microsoft Corporation, L=Redmond, S=Washington, C=US",,"False","False","C:\Program Files\WindowsApps\Microsoft.People_10.2202.100.0_x64__8wekyb3d8bbwe",
"Microsoft.PowerAutomateDesktop","Microsoft.PowerAutomateDesktop_11.2511.178.0_x64__8wekyb3d8bbwe","Microsoft.PowerAutomateDesktop","11.2511.178.0","CN=Microsoft Corporation, O=Microsoft Corporation, L=Redmond, S=Washington, C=US",,"False","False","C:\Program Files\WindowsApps\Microsoft.PowerAutomateDesktop_11.2511.178.0_x64__8wekyb3d8bbwe",
"Microsoft.PPIProjection","Microsoft.PPIProjection_10.0.26100.1_neutral_neutral_cw5n1h2txyewy","Microsoft.PPIProjection","10.0.26100.1","CN=Microsoft Windows, O=Microsoft Corporation, L=Redmond, S=Washington, C=US",,"False","False","C:\Windows\SystemApps\Microsoft.PPIProjection_cw5n1h2txyewy",
"Microsoft.RawImageExtension","Microsoft.RawImageExtension_2.5.7.0_x64__8wekyb3d8bbwe","Microsoft.RawImageExtension","2.5.7.0","CN=Microsoft Corporation, O=Microsoft Corporation, L=Redmond, S=Washington, C=US",,"False","False","C:\Program Files\WindowsApps\Microsoft.RawImageExtension_2.5.7.0_x64__8wekyb3d8bbwe",
"Microsoft.ScreenSketch","Microsoft.ScreenSketch_11.2510.31.0_x64__8wekyb3d8bbwe","Microsoft.ScreenSketch","11.2510.31.0","CN=Microsoft Corporation, O=Microsoft Corporation, L=Redmond, S=Washington, C=US",,"False","False","C:\Program Files\WindowsApps\Microsoft.ScreenSketch_11.2510.31.0_x64__8wekyb3d8bbwe",
"Microsoft.SecHealthUI","Microsoft.SecHealthUI_1000.29429.1000.0_x64__8wekyb3d8bbwe","Microsoft.SecHealthUI","1000.29429.1000.0","CN=Microsoft Corporation, O=Microsoft Corporation, L=Redmond, S=Washington, C=US",,"False","False","C:\Program Files\WindowsApps\Microsoft.SecHealthUI_1000.29429.1000.0_x64__8wekyb3d8bbwe",
"Microsoft.StartExperiencesApp","Microsoft.StartExperiencesApp_1.179.4.0_x64__8wekyb3d8bbwe","Microsoft.StartExperiencesApp","1.179.4.0","CN=Microsoft Corporation, O=Microsoft Corporation, L=Redmond, S=Washington, C=US",,"False","False","C:\Program Files\WindowsApps\Microsoft.StartExperiencesApp_1.179.4.0_x64__8wekyb3d8bbwe",
"Microsoft.StorePurchaseApp","Microsoft.StorePurchaseApp_22509.1401.1.0_x64__8wekyb3d8bbwe","Microsoft.StorePurchaseApp","22509.1401.1.0","CN=Microsoft Corporation, O=Microsoft Corporation, L=Redmond, S=Washington, C=US",,"False","False","C:\Program Files\WindowsApps\Microsoft.StorePurchaseApp_22509.1401.1.0_x64__8wekyb3d8bbwe",
"Microsoft.Todos","Microsoft.Todos_2.148.3611.0_x64__8wekyb3d8bbwe","Microsoft.Todos","2.148.3611.0","CN=Microsoft Corporation, O=Microsoft Corporation, L=Redmond, S=Washington, C=US",,"False","False","C:\Program Files\WindowsApps\Microsoft.Todos_2.148.3611.0_x64__8wekyb3d8bbwe",
"Microsoft.UWPCommunityToolkitSampleApp","Microsoft.UWPCommunityToolkitSampleApp_8.2.0.0_x64__8wekyb3d8bbwe","Microsoft.UWPCommunityToolkitSampleApp","8.2.0.0","CN=Microsoft Corporation, O=Microsoft Corporation, L=Redmond, S=Washington, C=US",,"False","False","C:\Program Files\WindowsApps\Microsoft.UWPCommunityToolkitSampleApp_8.2.0.0_x64__8wekyb3d8bbwe",
"Microsoft.VP9VideoExtensions","Microsoft.VP9VideoExtensions_1.2.12.0_x64__8wekyb3d8bbwe","Microsoft.VP9VideoExtensions","1.2.12.0","CN=Microsoft Corporation, O=Microsoft Corporation, L=Redmond, S=Washington, C=US",,"False","False","C:\Program Files\WindowsApps\Microsoft.VP9VideoExtensions_1.2.12.0_x64__8wekyb3d8bbwe",
"Microsoft.WebMediaExtensions","Microsoft.WebMediaExtensions_1.2.17.0_x64__8wekyb3d8bbwe","Microsoft.WebMediaExtensions","1.2.17.0","CN=Microsoft Corporation, O=Microsoft Corporation, L=Redmond, S=Washington, C=US",,"False","False","C:\Program Files\WindowsApps\Microsoft.WebMediaExtensions_1.2.17.0_x64__8wekyb3d8bbwe",
"Microsoft.WebpImageExtension","Microsoft.WebpImageExtension_1.2.14.0_x64__8wekyb3d8bbwe","Microsoft.WebpImageExtension","1.2.14.0","CN=Microsoft Corporation, O=Microsoft Corporation, L=Redmond, S=Washington, C=US",,"False","False","C:\Program Files\WindowsApps\Microsoft.WebpImageExtension_1.2.14.0_x64__8wekyb3d8bbwe",
"Microsoft.WidgetsPlatformRuntime","Microsoft.WidgetsPlatformRuntime_1.6.14.0_x64__8wekyb3d8bbwe","Microsoft.WidgetsPlatformRuntime","1.6.14.0","CN=Microsoft Corporation, O=Microsoft Corporation, L=Redmond, S=Washington, C=US",,"False","False","C:\Program Files\WindowsApps\Microsoft.WidgetsPlatformRuntime_1.6.14.0_x64__8wekyb3d8bbwe",
"Microsoft.Win32WebViewHost","Microsoft.Win32WebViewHost_10.0.26100.1_neutral_neutral_cw5n1h2txyewy","Microsoft.Win32WebViewHost","10.0.26100.1","CN=Microsoft Windows, O=Microsoft Corporation, L=Redmond, S=Washington, C=US",,"False","False","C:\Windows\SystemApps\Microsoft.Win32WebViewHost_cw5n1h2txyewy",
"Microsoft.WinAppRuntime.DDLM.8000.642.119.0-x6","Microsoft.WinAppRuntime.DDLM.8000.642.119.0-x6_8000.642.119.0_x64__8wekyb3d8bbwe","Microsoft.WinAppRuntime.DDLM.8000.642.119.0-x6","8000.642.119.0","CN=Microsoft Corporation, O=Microsoft Corporation, L=Redmond, S=Washington, C=US",,"False","False","C:\Program Files\WindowsApps\Microsoft.WinAppRuntime.DDLM.8000.642.119.0-x6_8000.642.119.0_x64__8wekyb3d8bbwe",
"Microsoft.WinAppRuntime.DDLM.8000.642.119.0-x8","Microsoft.WinAppRuntime.DDLM.8000.642.119.0-x8_8000.642.119.0_x86__8wekyb3d8bbwe","Microsoft.WinAppRuntime.DDLM.8000.642.119.0-x8","8000.642.119.0","CN=Microsoft Corporation, O=Microsoft Corporation, L=Redmond, S=Washington, C=US",,"False","False","C:\Program Files\WindowsApps\Microsoft.WinAppRuntime.DDLM.8000.642.119.0-x8_8000.642.119.0_x86__8wekyb3d8bbwe",
"Microsoft.Windows.Apprep.ChxApp","Microsoft.Windows.Apprep.ChxApp_1000.25128.1000.0_neutral_neutral_cw5n1h2txyewy","Microsoft.Windows.Apprep.ChxApp","1000.25128.1000.0","CN=Microsoft Windows, O=Microsoft Corporation, L=Redmond, S=Washington, C=US",,"False","False","C:\Windows\SystemApps\Microsoft.Windows.AppRep.ChxApp_cw5n1h2txyewy",
"Microsoft.Windows.AssignedAccessLockApp","Microsoft.Windows.AssignedAccessLockApp_1000.25128.1000.0_neutral_neutral_cw5n1h2txyewy","Microsoft.Windows.AssignedAccessLockApp","1000.25128.1000.0","CN=Microsoft Windows, O=Microsoft Corporation, L=Redmond, S=Washington, C=US",,"False","False","C:\Windows\SystemApps\Microsoft.Windows.AssignedAccessLockApp_cw5n1h2txyewy",
"Microsoft.Windows.CapturePicker","Microsoft.Windows.CapturePicker_10.0.19580.1000_neutral__cw5n1h2txyewy","Microsoft.Windows.CapturePicker","10.0.19580.1000","CN=Microsoft Windows, O=Microsoft Corporation, L=Redmond, S=Washington, C=US",,"False","False","C:\Windows\SystemApps\Microsoft.Windows.CapturePicker_cw5n1h2txyewy",
"Microsoft.Windows.CloudExperienceHost","Microsoft.Windows.CloudExperienceHost_10.0.26100.1_neutral_neutral_cw5n1h2txyewy","Microsoft.Windows.CloudExperienceHost","10.0.26100.1","CN=Microsoft Windows, O=Microsoft Corporation, L=Redmond, S=Washington, C=US",,"False","False","C:\Windows\SystemApps\Microsoft.Windows.CloudExperienceHost_cw5n1h2txyewy",
"Microsoft.Windows.ContentDeliveryManager","Microsoft.Windows.ContentDeliveryManager_10.0.26100.1_neutral_neutral_cw5n1h2txyewy","Microsoft.Windows.ContentDeliveryManager","10.0.26100.1","CN=Microsoft Windows, O=Microsoft Corporation, L=Redmond, S=Washington, C=US",,"False","False","C:\Windows\SystemApps\Microsoft.Windows.ContentDeliveryManager_cw5n1h2txyewy",
"Microsoft.Windows.DevHome","Microsoft.Windows.DevHome_0.2101.858.0_x64__8wekyb3d8bbwe","Microsoft.Windows.DevHome","0.2101.858.0","CN=Microsoft Corporation, O=Microsoft Corporation, L=Redmond, S=Washington, C=US",,"False","False","C:\Program Files\WindowsApps\Microsoft.Windows.DevHome_0.2101.858.0_x64__8wekyb3d8bbwe",
"Microsoft.Windows.NarratorQuickStart","Microsoft.Windows.NarratorQuickStart_10.0.26100.1_neutral_neutral_8wekyb3d8bbwe","Microsoft.Windows.NarratorQuickStart","10.0.26100.1","CN=Microsoft Corporation, O=Microsoft Corporation, L=Redmond, S=Washington, C=US",,"False","False","C:\Windows\SystemApps\microsoft.windows.narratorquickstart_8wekyb3d8bbwe",
"Microsoft.Windows.OOBENetworkCaptivePortal","Microsoft.Windows.OOBENetworkCaptivePortal_10.0.26495.1000_neutral__cw5n1h2txyewy","Microsoft.Windows.OOBENetworkCaptivePortal","10.0.26495.1000","CN=Microsoft Windows, O=Microsoft Corporation, L=Redmond, S=Washington, C=US",,"False","False","C:\Windows\SystemApps\Microsoft.Windows.OOBENetworkCaptivePortal_cw5n1h2txyewy",
"Microsoft.Windows.OOBENetworkConnectionFlow","Microsoft.Windows.OOBENetworkConnectionFlow_10.0.26495.1000_neutral__cw5n1h2txyewy","Microsoft.Windows.OOBENetworkConnectionFlow","10.0.26495.1000","CN=Microsoft Windows, O=Microsoft Corporation, L=Redmond, S=Washington, C=US",,"False","False","C:\Windows\SystemApps\Microsoft.Windows.OOBENetworkConnectionFlow_cw5n1h2txyewy",
"Microsoft.Windows.ParentalControls","Microsoft.Windows.ParentalControls_1000.25128.1000.0_neutral_neutral_cw5n1h2txyewy","Microsoft.Windows.ParentalControls","1000.25128.1000.0","CN=Microsoft Windows, O=Microsoft Corporation, L=Redmond, S=Washington, C=US",,"False","False","C:\Windows\SystemApps\ParentalControls_cw5n1h2txyewy",
"Microsoft.Windows.PeopleExperienceHost","Microsoft.Windows.PeopleExperienceHost_10.0.26100.1_neutral_neutral_cw5n1h2txyewy","Microsoft.Windows.PeopleExperienceHost","10.0.26100.1","CN=Microsoft Windows, O=Microsoft Corporation, L=Redmond, S=Washington, C=US",,"False","False","C:\Windows\SystemApps\Microsoft.Windows.PeopleExperienceHost_cw5n1h2txyewy",
"Microsoft.Windows.Photos","Microsoft.Windows.Photos_2025.11110.18001.0_x64__8wekyb3d8bbwe","Microsoft.Windows.Photos","2025.11110.18001.0","CN=Microsoft Corporation, O=Microsoft Corporation, L=Redmond, S=Washington, C=US",,"False","False","C:\Program Files\WindowsApps\Microsoft.Windows.Photos_2025.11110.18001.0_x64__8wekyb3d8bbwe",
"Microsoft.Windows.PinningConfirmationDialog","Microsoft.Windows.PinningConfirmationDialog_1000.25140.1001.0_neutral__cw5n1h2txyewy","Microsoft.Windows.PinningConfirmationDialog","1000.25140.1001.0","CN=Microsoft Windows, O=Microsoft Corporation, L=Redmond, S=Washington, C=US",,"False","False","C:\Windows\SystemApps\Microsoft.Windows.PinningConfirmationDialog_cw5n1h2txyewy",
"Microsoft.Windows.PrintQueueActionCenter","Microsoft.Windows.PrintQueueActionCenter_1.0.2.0_neutral_neutral_cw5n1h2txyewy","Microsoft.Windows.PrintQueueActionCenter","1.0.2.0","CN=Microsoft Windows, O=Microsoft Corporation, L=Redmond, S=Washington, C=US",,"False","False","C:\Windows\SystemApps\Microsoft.Windows.PrintQueueActionCenter_cw5n1h2txyewy",
"Microsoft.Windows.SecureAssessmentBrowser","Microsoft.Windows.SecureAssessmentBrowser_10.0.26100.1_neutral_neutral_cw5n1h2txyewy","Microsoft.Windows.SecureAssessmentBrowser","10.0.26100.1","CN=Microsoft Windows, O=Microsoft Corporation, L=Redmond, S=Washington, C=US",,"False","False","C:\Windows\SystemApps\Microsoft.Windows.SecureAssessmentBrowser_cw5n1h2txyewy",
"Microsoft.Windows.ShellExperienceHost","Microsoft.Windows.ShellExperienceHost_10.0.26100.7462_neutral_neutral_cw5n1h2txyewy","Microsoft.Windows.ShellExperienceHost","10.0.26100.7462","CN=Microsoft Windows, O=Microsoft Corporation, L=Redmond, S=Washington, C=US",,"False","False","C:\Windows\SystemApps\ShellExperienceHost_cw5n1h2txyewy",
"Microsoft.Windows.StartMenuExperienceHost","Microsoft.Windows.StartMenuExperienceHost_10.0.26100.4768_neutral_neutral_cw5n1h2txyewy","Microsoft.Windows.StartMenuExperienceHost","10.0.26100.4768","CN=Microsoft Windows, O=Microsoft Corporation, L=Redmond, S=Washington, C=US",,"False","False","C:\Windows\SystemApps\Microsoft.Windows.StartMenuExperienceHost_cw5n1h2txyewy",
"Microsoft.Windows.XGpuEjectDialog","Microsoft.Windows.XGpuEjectDialog_10.0.26100.1_neutral_neutral_cw5n1h2txyewy","Microsoft.Windows.XGpuEjectDialog","10.0.26100.1","CN=Microsoft Windows, O=Microsoft Corporation, L=Redmond, S=Washington, C=US",,"False","False","C:\Windows\SystemApps\Microsoft.Windows.XGpuEjectDialog_cw5n1h2txyewy",
"Microsoft.WindowsAlarms","Microsoft.WindowsAlarms_11.2510.4.0_x64__8wekyb3d8bbwe","Microsoft.WindowsAlarms","11.2510.4.0","CN=Microsoft Corporation, O=Microsoft Corporation, L=Redmond, S=Washington, C=US",,"False","False","C:\Program Files\WindowsApps\Microsoft.WindowsAlarms_11.2510.4.0_x64__8wekyb3d8bbwe",
"Microsoft.WindowsCalculator","Microsoft.WindowsCalculator_11.2508.4.0_x64__8wekyb3d8bbwe","Microsoft.WindowsCalculator","11.2508.4.0","CN=Microsoft Corporation, O=Microsoft Corporation, L=Redmond, S=Washington, C=US",,"False","False","C:\Program Files\WindowsApps\Microsoft.WindowsCalculator_11.2508.4.0_x64__8wekyb3d8bbwe",
"Microsoft.WindowsCamera","Microsoft.WindowsCamera_2025.2510.2.0_x64__8wekyb3d8bbwe","Microsoft.WindowsCamera","2025.2510.2.0","CN=Microsoft Corporation, O=Microsoft Corporation, L=Redmond, S=Washington, C=US",,"False","False","C:\Program Files\WindowsApps\Microsoft.WindowsCamera_2025.2510.2.0_x64__8wekyb3d8bbwe",
"microsoft.windowscommunicationsapps","microsoft.windowscommunicationsapps_16005.14326.22342.0_x64__8wekyb3d8bbwe","microsoft.windowscommunicationsapps","16005.14326.22342.0","CN=Microsoft Corporation, O=Microsoft Corporation, L=Redmond, S=Washington, C=US",,"False","False","C:\Program Files\WindowsApps\microsoft.windowscommunicationsapps_16005.14326.22342.0_x64__8wekyb3d8bbwe",
"Microsoft.WindowsFeedbackHub","Microsoft.WindowsFeedbackHub_1.2510.14102.0_x64__8wekyb3d8bbwe","Microsoft.WindowsFeedbackHub","1.2510.14102.0","CN=Microsoft Corporation, O=Microsoft Corporation, L=Redmond, S=Washington, C=US",,"False","False","C:\Program Files\WindowsApps\Microsoft.WindowsFeedbackHub_1.2510.14102.0_x64__8wekyb3d8bbwe",
"Microsoft.WindowsMaps","Microsoft.WindowsMaps_11.2506.3.0_x64__8wekyb3d8bbwe","Microsoft.WindowsMaps","11.2506.3.0","CN=Microsoft Corporation, O=Microsoft Corporation, L=Redmond, S=Washington, C=US",,"False","False","C:\Program Files\WindowsApps\Microsoft.WindowsMaps_11.2506.3.0_x64__8wekyb3d8bbwe",
"Microsoft.WindowsNotepad","Microsoft.WindowsNotepad_11.2508.38.0_x64__8wekyb3d8bbwe","Microsoft.WindowsNotepad","11.2508.38.0","CN=Microsoft Corporation, O=Microsoft Corporation, L=Redmond, S=Washington, C=US",,"False","False","C:\Program Files\WindowsApps\Microsoft.WindowsNotepad_11.2508.38.0_x64__8wekyb3d8bbwe",
"Microsoft.WindowsPerformanceAnalyzer","Microsoft.WindowsPerformanceAnalyzer_10.0.26100.0_x64__8wekyb3d8bbwe","Microsoft.WindowsPerformanceAnalyzer","10.0.26100.0","CN=Microsoft Corporation, O=Microsoft Corporation, L=Redmond, S=Washington, C=US",,"False","False","C:\Program Files\WindowsApps\Microsoft.WindowsPerformanceAnalyzer_10.0.26100.0_x64__8wekyb3d8bbwe",
"Microsoft.WindowsSoundRecorder","Microsoft.WindowsSoundRecorder_11.2510.0.0_x64__8wekyb3d8bbwe","Microsoft.WindowsSoundRecorder","11.2510.0.0","CN=Microsoft Corporation, O=Microsoft Corporation, L=Redmond, S=Washington, C=US",,"False","False","C:\Program Files\WindowsApps\Microsoft.WindowsSoundRecorder_11.2510.0.0_x64__8wekyb3d8bbwe",
"Microsoft.WindowsStore","Microsoft.WindowsStore_22510.1401.4.0_x64__8wekyb3d8bbwe","Microsoft.WindowsStore","22510.1401.4.0","CN=Microsoft Corporation, O=Microsoft Corporation, L=Redmond, S=Washington, C=US",,"False","False","C:\Program Files\WindowsApps\Microsoft.WindowsStore_22510.1401.4.0_x64__8wekyb3d8bbwe",
"Microsoft.WindowsTerminal","Microsoft.WindowsTerminal_1.23.12811.0_x64__8wekyb3d8bbwe","Microsoft.WindowsTerminal","1.23.12811.0","CN=Microsoft Corporation, O=Microsoft Corporation, L=Redmond, S=Washington, C=US",,"False","False","C:\Program Files\WindowsApps\Microsoft.WindowsTerminal_1.23.12811.0_x64__8wekyb3d8bbwe",
"Microsoft.Winget.Source","Microsoft.Winget.Source_2025.1214.845.43_neutral__8wekyb3d8bbwe","Microsoft.Winget.Source","2025.1214.845.43","CN=Microsoft Corporation, O=Microsoft Corporation, L=Redmond, S=Washington, C=US",,"False","False","C:\Program Files\WindowsApps\Microsoft.Winget.Source_2025.1214.845.43_neutral__8wekyb3d8bbwe",
"Microsoft.WinUI3ControlsGallery","Microsoft.WinUI3ControlsGallery_2.7.0.0_x64__8wekyb3d8bbwe","Microsoft.WinUI3ControlsGallery","2.7.0.0","CN=Microsoft Corporation, O=Microsoft Corporation, L=Redmond, S=Washington, C=US",,"False","False","C:\Program Files\WindowsApps\Microsoft.WinUI3ControlsGallery_2.7.0.0_x64__8wekyb3d8bbwe",
"Microsoft.Xbox.TCUI","Microsoft.Xbox.TCUI_1.24.10001.0_x64__8wekyb3d8bbwe","Microsoft.Xbox.TCUI","1.24.10001.0","CN=Microsoft Corporation, O=Microsoft Corporation, L=Redmond, S=Washington, C=US",,"False","False","C:\Program Files\WindowsApps\Microsoft.Xbox.TCUI_1.24.10001.0_x64__8wekyb3d8bbwe",
"Microsoft.XboxGameCallableUI","Microsoft.XboxGameCallableUI_1000.25128.1000.0_neutral_neutral_cw5n1h2txyewy","Microsoft.XboxGameCallableUI","1000.25128.1000.0","CN=Microsoft Windows, O=Microsoft Corporation, L=Redmond, S=Washington, C=US",,"False","False","C:\Windows\SystemApps\Microsoft.XboxGameCallableUI_cw5n1h2txyewy",
"Microsoft.XboxGameOverlay","Microsoft.XboxGameOverlay_1.54.4001.0_x64__8wekyb3d8bbwe","Microsoft.XboxGameOverlay","1.54.4001.0","CN=Microsoft Corporation, O=Microsoft Corporation, L=Redmond, S=Washington, C=US",,"False","False","C:\Program Files\WindowsApps\Microsoft.XboxGameOverlay_1.54.4001.0_x64__8wekyb3d8bbwe",
"Microsoft.XboxGamingOverlay","Microsoft.XboxGamingOverlay_7.325.11061.0_x64__8wekyb3d8bbwe","Microsoft.XboxGamingOverlay","7.325.11061.0","CN=Microsoft Corporation, O=Microsoft Corporation, L=Redmond, S=Washington, C=US",,"False","False","C:\Program Files\WindowsApps\Microsoft.XboxGamingOverlay_7.325.11061.0_x64__8wekyb3d8bbwe",
"Microsoft.XboxIdentityProvider","Microsoft.XboxIdentityProvider_12.130.16001.0_x64__8wekyb3d8bbwe","Microsoft.XboxIdentityProvider","12.130.16001.0","CN=Microsoft Corporation, O=Microsoft Corporation, L=Redmond, S=Washington, C=US",,"False","False","C:\Program Files\WindowsApps\Microsoft.XboxIdentityProvider_12.130.16001.0_x64__8wekyb3d8bbwe",
"Microsoft.XboxSpeechToTextOverlay","Microsoft.XboxSpeechToTextOverlay_1.97.17002.0_x64__8wekyb3d8bbwe","Microsoft.XboxSpeechToTextOverlay","1.97.17002.0","CN=Microsoft Corporation, O=Microsoft Corporation, L=Redmond, S=Washington, C=US",,"False","False","C:\Program Files\WindowsApps\Microsoft.XboxSpeechToTextOverlay_1.97.17002.0_x64__8wekyb3d8bbwe",
"Microsoft.YourPhone","Microsoft.YourPhone_1.25102.64.0_x64__8wekyb3d8bbwe","Microsoft.YourPhone","1.25102.64.0","CN=Microsoft Corporation, O=Microsoft Corporation, L=Redmond, S=Washington, C=US",,"False","False","C:\Program Files\WindowsApps\Microsoft.YourPhone_1.25102.64.0_x64__8wekyb3d8bbwe",
"Microsoft.ZuneMusic","Microsoft.ZuneMusic_11.2510.7.0_x64__8wekyb3d8bbwe","Microsoft.ZuneMusic","11.2510.7.0","CN=Microsoft Corporation, O=Microsoft Corporation, L=Redmond, S=Washington, C=US",,"False","False","C:\Program Files\WindowsApps\Microsoft.ZuneMusic_11.2510.7.0_x64__8wekyb3d8bbwe",
"Microsoft.ZuneVideo","Microsoft.ZuneVideo_10.25101.10031.0_x64__8wekyb3d8bbwe","Microsoft.ZuneVideo","10.25101.10031.0","CN=Microsoft Corporation, O=Microsoft Corporation, L=Redmond, S=Washington, C=US",,"False","False","C:\Program Files\WindowsApps\Microsoft.ZuneVideo_10.25101.10031.0_x64__8wekyb3d8bbwe",
"MicrosoftCorporationII.QuickAssist","MicrosoftCorporationII.QuickAssist_2.0.36.0_x64__8wekyb3d8bbwe","MicrosoftCorporationII.QuickAssist","2.0.36.0","CN=Microsoft Corporation, O=Microsoft Corporation, L=Redmond, S=Washington, C=US",,"False","False","C:\Program Files\WindowsApps\MicrosoftCorporationII.QuickAssist_2.0.36.0_x64__8wekyb3d8bbwe",
"MicrosoftCorporationII.WinAppRuntime.Main.1.5","MicrosoftCorporationII.WinAppRuntime.Main.1.5_5001.373.1736.0_x64__8wekyb3d8bbwe","MicrosoftCorporationII.WinAppRuntime.Main.1.5","5001.373.1736.0","CN=Microsoft Corporation, O=Microsoft Corporation, L=Redmond, S=Washington, C=US",,"False","False","C:\Program Files\WindowsApps\MicrosoftCorporationII.WinAppRuntime.Main.1.5_5001.373.1736.0_x64__8wekyb3d8bbwe",
"MicrosoftCorporationII.WinAppRuntime.Main.1.8","MicrosoftCorporationII.WinAppRuntime.Main.1.8_8000.675.1142.0_x64__8wekyb3d8bbwe","MicrosoftCorporationII.WinAppRuntime.Main.1.8","8000.675.1142.0","CN=Microsoft Corporation, O=Microsoft Corporation, L=Redmond, S=Washington, C=US",,"False","False","C:\Program Files\WindowsApps\MicrosoftCorporationII.WinAppRuntime.Main.1.8_8000.675.1142.0_x64__8wekyb3d8bbwe",
"MicrosoftCorporationII.WinAppRuntime.Singleton","MicrosoftCorporationII.WinAppRuntime.Singleton_8000.675.1142.0_x64__8wekyb3d8bbwe","MicrosoftCorporationII.WinAppRuntime.Singleton","8000.675.1142.0","CN=Microsoft Corporation, O=Microsoft Corporation, L=Redmond, S=Washington, C=US",,"False","False","C:\Program Files\WindowsApps\MicrosoftCorporationII.WinAppRuntime.Singleton_8000.675.1142.0_x64__8wekyb3d8bbwe",
"MicrosoftCorporationII.WindowsSubsystemForLinux","MicrosoftCorporationII.WindowsSubsystemForLinux_2.1.5.0_x64__8wekyb3d8bbwe","MicrosoftCorporationII.WindowsSubsystemForLinux","2.1.5.0","CN=Microsoft Corporation, O=Microsoft Corporation, L=Redmond, S=Washington, C=US",,"False","False","C:\Program Files\WindowsApps\MicrosoftCorporationII.WindowsSubsystemForLinux_2.1.5.0_x64__8wekyb3d8bbwe",
"MicrosoftCorporationII.WinML.NVIDIA.TRT-RTX.EP.1.8","MicrosoftCorporationII.WinML.NVIDIA.TRT-RTX.EP.1.8_1.8.14.0_x64__8wekyb3d8bbwe","MicrosoftCorporationII.WinML.NVIDIA.TRT-RTX.EP.1.8","1.8.14.0","CN=Microsoft Corporation, O=Microsoft Corporation, L=Redmond, S=Washington, C=US",,"False","False","C:\Program Files\WindowsApps\MicrosoftCorporationII.WinML.NVIDIA.TRT-RTX.EP.1.8_1.8.14.0_x64__8wekyb3d8bbwe",
"MicrosoftTeams","MicrosoftTeams_25240.1702.3948.231_x64__8wekyb3d8bbwe","MicrosoftTeams","25240.1702.3948.231","CN=Microsoft Corporation, O=Microsoft Corporation, L=Redmond, S=Washington, C=US",,"False","False","C:\Program Files\WindowsApps\MicrosoftTeams_25240.1702.3948.231_x64__8wekyb3d8bbwe",
"MicrosoftWindows.57242383.Tasbar","MicrosoftWindows.57242383.Tasbar_1000.26100.7462.0_x64__cw5n1h2txyewy","MicrosoftWindows.57242383.Tasbar","1000.26100.7462.0","CN=Microsoft Windows, O=Microsoft Corporation, L=Redmond, S=Washington, C=US",,"False","False","C:\Windows\SystemApps\SxS\MicrosoftWindows.57242383.Tasbar_cw5n1h2txyewy",
"MicrosoftWindows.59336768.Speion","MicrosoftWindows.59336768.Speion_1000.26100.7462.0_x64__cw5n1h2txyewy","MicrosoftWindows.59336768.Speion","1000.26100.7462.0","CN=Microsoft Windows, O=Microsoft Corporation, L=Redmond, S=Washington, C=US",,"False","False","C:\Windows\SystemApps\SxS\MicrosoftWindows.59336768.Speion_cw5n1h2txyewy",
"MicrosoftWindows.59337133.Voiess","MicrosoftWindows.59337133.Voiess_1000.26100.7462.0_x64__cw5n1h2txyewy","MicrosoftWindows.59337133.Voiess","1000.26100.7462.0","CN=Microsoft Windows, O=Microsoft Corporation, L=Redmond, S=Washington, C=US",,"False","False","C:\Windows\SystemApps\SxS\MicrosoftWindows.59337133.Voiess_cw5n1h2txyewy",
"MicrosoftWindows.59337145.Livtop","MicrosoftWindows.59337145.Livtop_1000.26100.7462.0_x64__cw5n1h2txyewy","MicrosoftWindows.59337145.Livtop","1000.26100.7462.0","CN=Microsoft Windows, O=Microsoft Corporation, L=Redmond, S=Washington, C=US",,"False","False","C:\Windows\SystemApps\SxS\MicrosoftWindows.59337145.Livtop_cw5n1h2txyewy",
"MicrosoftWindows.59379618.InpApp","MicrosoftWindows.59379618.InpApp_1000.26100.7462.0_x64__cw5n1h2txyewy","MicrosoftWindows.59379618.InpApp","1000.26100.7462.0","CN=Microsoft Windows, O=Microsoft Corporation, L=Redmond, S=Washington, C=US",,"False","False","C:\Windows\SystemApps\SxS\MicrosoftWindows.59379618.InpApp_cw5n1h2txyewy",
"MicrosoftWindows.Client.CBS","MicrosoftWindows.Client.CBS_1000.26100.275.0_x64__cw5n1h2txyewy","MicrosoftWindows.Client.CBS","1000.26100.275.0","CN=Microsoft Windows, O=Microsoft Corporation, L=Redmond, S=Washington, C=US",,"False","False","C:\Windows\SystemApps\MicrosoftWindows.Client.CBS_cw5n1h2txyewy",
"MicrosoftWindows.Client.Core","MicrosoftWindows.Client.Core_1000.26100.81.0_x64__cw5n1h2txyewy","MicrosoftWindows.Client.Core","1000.26100.81.0","CN=Microsoft Windows, O=Microsoft Corporation, L=Redmond, S=Washington, C=US",,"False","False","C:\Windows\SystemApps\MicrosoftWindows.Client.Core_cw5n1h2txyewy",
"MicrosoftWindows.Client.CoreAI","MicrosoftWindows.Client.CoreAI_1000.26100.7462.0_x64__cw5n1h2txyewy","MicrosoftWindows.Client.CoreAI","1000.26100.7462.0","CN=Microsoft Windows, O=Microsoft Corporation, L=Redmond, S=Washington, C=US",,"False","False","C:\Windows\SystemApps\MicrosoftWindows.Client.CoreAI_cw5n1h2txyewy",
"MicrosoftWindows.Client.FileExp","MicrosoftWindows.Client.FileExp_1000.26100.4.0_x64__cw5n1h2txyewy","MicrosoftWindows.Client.FileExp","1000.26100.4.0","CN=Microsoft Windows, O=Microsoft Corporation, L=Redmond, S=Washington, C=US",,"False","False","C:\Windows\SystemApps\MicrosoftWindows.Client.FileExp_cw5n1h2txyewy",
"MicrosoftWindows.Client.OOBE","MicrosoftWindows.Client.OOBE_1000.26100.28.0_x64__cw5n1h2txyewy","MicrosoftWindows.Client.OOBE","1000.26100.28.0","CN=Microsoft Windows, O=Microsoft Corporation, L=Redmond, S=Washington, C=US",,"False","False","C:\Windows\SystemApps\MicrosoftWindows.Client.OOBE_cw5n1h2txyewy",
"MicrosoftWindows.Client.Photon","MicrosoftWindows.Client.Photon_1000.26100.10.0_x64__cw5n1h2txyewy","MicrosoftWindows.Client.Photon","1000.26100.10.0","CN=Microsoft Windows, O=Microsoft Corporation, L=Redmond, S=Washington, C=US",,"False","False","C:\Windows\SystemApps\MicrosoftWindows.Client.Photon_cw5n1h2txyewy",
"MicrosoftWindows.Client.WebExperience","MicrosoftWindows.Client.WebExperience_525.31002.150.0_x64__cw5n1h2txyewy","MicrosoftWindows.Client.WebExperience","525.31002.150.0","CN=Microsoft Windows, O=Microsoft Corporation, L=Redmond, S=Washington, C=US",,"False","False","C:\Program Files\WindowsApps\MicrosoftWindows.Client.WebExperience_525.31002.150.0_x64__cw5n1h2txyewy",
"MicrosoftWindows.CrossDevice","MicrosoftWindows.CrossDevice_1.25102.46.0_x64__cw5n1h2txyewy","MicrosoftWindows.CrossDevice","1.25102.46.0","CN=Microsoft Windows, O=Microsoft Corporation, L=Redmond, S=Washington, C=US",,"False","False","C:\Program Files\WindowsApps\MicrosoftWindows.CrossDevice_1.25102.46.0_x64__cw5n1h2txyewy",
"MicrosoftWindows.Speech.en-US.1","MicrosoftWindows.Speech.en-US.1_1.0.24.0_x64__cw5n1h2txyewy","MicrosoftWindows.Speech.en-US.1","1.0.24.0","CN=Microsoft Windows, O=Microsoft Corporation, L=Redmond, S=Washington, C=US",,"False","False","C:\Program Files\WindowsApps\MicrosoftWindows.Speech.en-US.1_1.0.24.0_x64__cw5n1h2txyewy",
"MicrosoftWindows.UndockedDevKit","MicrosoftWindows.UndockedDevKit_10.0.26100.1_neutral_neutral_cw5n1h2txyewy","MicrosoftWindows.UndockedDevKit","10.0.26100.1","CN=Microsoft Windows, O=Microsoft Corporation, L=Redmond, S=Washington, C=US",,"False","False","C:\Windows\SystemApps\MicrosoftWindows.UndockedDevKit_cw5n1h2txyewy",
"MicrosoftWindows.Voice.en-US.Jenny.1","MicrosoftWindows.Voice.en-US.Jenny.1_1.0.8.0_x64__cw5n1h2txyewy","MicrosoftWindows.Voice.en-US.Jenny.1","1.0.8.0","CN=Microsoft Windows, O=Microsoft Corporation, L=Redmond, S=Washington, C=US",,"False","False","C:\Program Files\WindowsApps\MicrosoftWindows.Voice.en-US.Jenny.1_1.0.8.0_x64__cw5n1h2txyewy",
"NotepadPlusPlus","NotepadPlusPlus_1.0.0.0_neutral__7njy0v32s6xk6","NotepadPlusPlus","1.0.0.0","CN=""Notepad++"", O=""Notepad++"", L=Saint Cloud, S=Ile-de-France, C=FR",,"False","False","C:\Program Files\WindowsApps\NotepadPlusPlus_1.0.0.0_neutral__7njy0v32s6xk6",
"NVIDIACorp.NVIDIAControlPanel","NVIDIACorp.NVIDIAControlPanel_8.1.969.0_x64__56jybvy8sckqj","NVIDIACorp.NVIDIAControlPanel","8.1.969.0","CN=D6816951-877F-493B-B4EE-41AB9419C326",,"False","False","C:\Program Files\WindowsApps\NVIDIACorp.NVIDIAControlPanel_8.1.969.0_x64__56jybvy8sckqj",
"OpenAI.ChatGPT-Desktop","OpenAI.ChatGPT-Desktop_1.2025.328.0_x64__2p2nqsd0c76g0","OpenAI.ChatGPT-Desktop","1.2025.328.0","CN=50BDFD77-8903-4850-9FFE-6E8522F64D5B",,"False","False","C:\Program Files\WindowsApps\OpenAI.ChatGPT-Desktop_1.2025.328.0_x64__2p2nqsd0c76g0",
"PythonSoftwareFoundation.Python.3.11","PythonSoftwareFoundation.Python.3.11_3.11.2544.0_x64__qbz5n2kfra8p0","PythonSoftwareFoundation.Python.3.11","3.11.2544.0","CN=4975D53F-AA7E-49A5-8B49-EA4FDC1BB66B",,"False","False","C:\Program Files\WindowsApps\PythonSoftwareFoundation.Python.3.11_3.11.2544.0_x64__qbz5n2kfra8p0",
"PythonSoftwareFoundation.Python.3.12","PythonSoftwareFoundation.Python.3.12_3.12.2800.0_x64__qbz5n2kfra8p0","PythonSoftwareFoundation.Python.3.12","3.12.2800.0","CN=4975D53F-AA7E-49A5-8B49-EA4FDC1BB66B",,"False","False","C:\Program Files\WindowsApps\PythonSoftwareFoundation.Python.3.12_3.12.2800.0_x64__qbz5n2kfra8p0",
"PythonSoftwareFoundation.Python.3.13","PythonSoftwareFoundation.Python.3.13_3.13.2544.0_x64__qbz5n2kfra8p0","PythonSoftwareFoundation.Python.3.13","3.13.2544.0","CN=4975D53F-AA7E-49A5-8B49-EA4FDC1BB66B",,"False","False","C:\Program Files\WindowsApps\PythonSoftwareFoundation.Python.3.13_3.13.2544.0_x64__qbz5n2kfra8p0",
"RealtekSemiconductorCorp.RealtekAudioControl","RealtekSemiconductorCorp.RealtekAudioControl_1.36.273.0_x64__dt26b99r8h8gj","RealtekSemiconductorCorp.RealtekAudioControl","1.36.273.0","CN=83564403-0B26-46B8-9D84-040F43691D31",,"False","False","C:\Program Files\WindowsApps\RealtekSemiconductorCorp.RealtekAudioControl_1.36.273.0_x64__dt26b99r8h8gj",
"SnapInc.Snapchat","SnapInc.Snapchat_4.0.1.0_neutral__k1zn018256b8e","SnapInc.Snapchat","4.0.1.0","CN=0679DDF4-0EFB-4AFC-A744-BD6C287FCC1E",,"False","False","C:\Program Files\WindowsApps\SnapInc.Snapchat_4.0.1.0_neutral__k1zn018256b8e",
"SpotifyAB.SpotifyMusic","SpotifyAB.SpotifyMusic_1.278.418.0_x64__zpdnekdrzrea0","SpotifyAB.SpotifyMusic","1.278.418.0","CN=453637B3-4E12-4CDF-B0D3-2A3C863BF6EF",,"False","False","C:\Program Files\WindowsApps\SpotifyAB.SpotifyMusic_1.278.418.0_x64__zpdnekdrzrea0",
"Windows.CBSPreview","Windows.CBSPreview_10.0.19580.1000_neutral_neutral_cw5n1h2txyewy","Windows.CBSPreview","10.0.19580.1000","CN=Microsoft Windows, O=Microsoft Corporation, L=Redmond, S=Washington, C=US",,"False","False","C:\Windows\SystemApps\Windows.CBSPreview_cw5n1h2txyewy",
"windows.immersivecontrolpanel","windows.immersivecontrolpanel_10.0.8.1000_neutral_neutral_cw5n1h2txyewy","windows.immersivecontrolpanel","10.0.8.1000","CN=Microsoft Windows, O=Microsoft Corporation, L=Redmond, S=Washington, C=US",,"False","False","C:\Windows\ImmersiveControlPanel",
"Windows.PrintDialog","Windows.PrintDialog_6.2.3.0_neutral_neutral_cw5n1h2txyewy","Windows.PrintDialog","6.2.3.0","CN=Microsoft Windows, O=Microsoft Corporation, L=Redmond, S=Washington, C=US",,"False","False","C:\Windows\SystemApps\Windows.PrintDialog_cw5n1h2txyewy",
"word.office.com-51E922F2","word.office.com-51E922F2_1.0.0.1_neutral__jc2kecmnkxwqc","word.office.com-51E922F2","1.0.0.1","CN=word.office.com, OID.2.25.311729368913984317654407730594956997722=1",,"False","False","C:\Program Files\WindowsApps\word.office.com-51E922F2_1.0.0.1_neutral__jc2kecmnkxwqc",
